{"nextId":4,"logins":[{"id":2,"hostname":"smtp://mail.domain.com","httpRealm":"smtp://mail.domain.com","formSubmitURL":null,"usernameField":"","passwordField":"","encryptedUsername":"MFIEEPgAAAAAAAAAAAAAAAAAAAEwFAYIKoZIhvcNAwcECIIJ4+KnvR/rBCgY1bvSEeTo6qCP++tU0kP3PhFTyESenT8aCIA6B6hokDcRoCRe5ps1","encryptedPassword":"MDIEEPgAAAAAAAAAAAAAAAAAAAEwFAYIKoZIhvcNAwcECCaodqo1pwDXBAi8xR6+uUeEiQ==","guid":"{df85144f-1b2b-482f-ba11-491b7faaea5e}","encType":1,"timeCreated":1622043061151,"timeLastUsed":1622043061151,"timePasswordChanged":1622043061151,"timesUsed":1},{"id":3,"hostname":"imap://mail.domain.com","httpRealm":"imap://mail.domain.com","formSubmitURL":null,"usernameField":"","passwordField":"","encryptedUsername":"MFIEEPgAAAAAAAAAAAAAAAAAAAEwFAYIKoZIhvcNAwcECIi3y5AhZIk9BCikRywO/APxbbL5orvVaoRcEyFz04VHEfjcF+IcI5Tw/7jtKzms9vFv","encryptedPassword":"MDIEEPgAAAAAAAAAAAAAAAAAAAEwFAYIKoZIhvcNAwcECJ90mDfbTIiBBAgjfh8J7krxyg==","guid":"{b550c681-352d-45cf-a7f5-c92247f260fd}","encType":1,"timeCreated":1622043380521,"timeLastUsed":1622043380521,"timePasswordChanged":1622043380521,"timesUsed":1}],"potentiallyVulnerablePasswords":[],"dismissedBreachAlertsByLoginGUID":{},"version":3}