{"chrome://messenger/content/messenger.xhtml":{"mail-toolbar-menubar2":{"autohide":"true"},"qfb-boolean-mode":{"value":"OR"},"selectCol":{"ordinal":"1"},"threadCol":{"ordinal":"3"},"flaggedCol":{"ordinal":"5"},"attachmentCol":{"ordinal":"7"},"subjectCol":{"ordinal":"15"},"unreadButtonColHeader":{"ordinal":"9"},"senderCol":{"ordinal":"17"},"recipientCol":{"ordinal":"19"},"correspondentCol":{"ordinal":"21"},"junkStatusCol":{"ordinal":"11"},"receivedCol":{"ordinal":"23"},"dateCol":{"ordinal":"25","sortDirection":"ascending"},"statusCol":{"ordinal":"27"},"sizeCol":{"ordinal":"29"},"tagsCol":{"ordinal":"31"},"accountCol":{"ordinal":"33"},"priorityCol":{"ordinal":"35"},"unreadCol":{"ordinal":"37"},"totalCol":{"ordinal":"39"},"locationCol":{"ordinal":"41","hidden":"true"},"idCol":{"ordinal":"43"},"deleteCol":{"ordinal":"13"},"task-tree-filtergroup":{"value":"throughcurrent"},"unifinder-search-results-tree-col-title":{"ordinal":"1"},"unifinder-search-results-tree-col-startdate":{"ordinal":"3"},"unifinder-search-results-tree-col-enddate":{"ordinal":"5"},"unifinder-search-results-tree-col-categories":{"ordinal":"7"},"unifinder-search-results-tree-col-location":{"ordinal":"9"},"unifinder-search-results-tree-col-status":{"ordinal":"11"},"unifinder-search-results-tree-col-calendarname":{"ordinal":"13"},"messengerWindow":{"screenX":"0","screenY":"0","width":"1040","height":"1400","sizemode":"normal"},"today-pane-splitter":{"hidden":"true"},"today-none-box":{"collapsed":"true"},"today-minimonth-box":{"collapsed":"true"},"todo-tab-panel":{"collapsed":"true"},"today-pane-panel":{"modewidths":"undefined,200,200,200,200,200","width":"undefined"},"agenda-panel":{"collapsedinmodes":"calendar","collapsed":"true"},"calendar-task-tree":{"widths":"0 0 0 0 0 0 0 0 0 0 0 0","ordinals":"1 3 5 7 9 11 13 15 17 19 21 23"},"unifinder-todo-tree":{"widths":"0 0 0 0 0 0 0 0 0 0 0 0","ordinals":"1 1 1 1 1 1 1 1 1 1 1 1"},"folderPaneBox":{"width":"368"},"mini-day-box":{"collapsed":"true"}},"about:preferences":{"MailPreferences":{"lastSelected":"panePrivacy"}},"chrome://pippki/content/certManager.xhtml":{"certmanagertabs":{"selectedIndex":"4"},"certcol":{"ordinal":"1"},"tokencol":{"ordinal":"3"},"serialnumcol":{"ordinal":"5"},"issuedcol":{"ordinal":"7"},"expiredcol":{"ordinal":"7"},"sitecol":{"ordinal":"3"},"lifetimecol":{"ordinal":"5"}}}