{
	"C:\\Users\\elite\\AppData\\Roaming\\Thunderbird\\Profiles\\e0w7x9ve.elite_uhh\\ImapMail\\mail.nimbus.de" : 
	{
		"aclFlags" : 0,
		"boxFlags" : 0,
		"expungedBytes" : 0,
		"flags" : 0,
		"folderSize" : -1,
		"hierDelim" : 46,
		"lastSyncTimeInSec" : 0,
		"onlineName" : "",
		"pendingMsgs" : 0,
		"pendingUnreadMsgs" : 0,
		"serverRecent" : 0,
		"serverTotal" : 0,
		"serverUnseen" : 0,
		"totalMsgs" : -1,
		"totalUnreadMsgs" : -1
	},
	"C:\\Users\\elite\\AppData\\Roaming\\Thunderbird\\Profiles\\e0w7x9ve.elite_uhh\\ImapMail\\mail.nimbus.de\\Archives.msf" : 
	{
		"aclFlags" : 0,
		"boxFlags" : 0,
		"expungedBytes" : 0,
		"flags" : 16384,
		"folderSize" : -1,
		"hierDelim" : 94,
		"lastSyncTimeInSec" : 0,
		"onlineName" : "Archives",
		"pendingMsgs" : 0,
		"pendingUnreadMsgs" : 0,
		"serverRecent" : 0,
		"serverTotal" : 0,
		"serverUnseen" : 0,
		"totalMsgs" : 0,
		"totalUnreadMsgs" : 0
	},
	"C:\\Users\\elite\\AppData\\Roaming\\Thunderbird\\Profiles\\e0w7x9ve.elite_uhh\\ImapMail\\mail.nimbus.de\\Drafts-1.msf" : 
	{
		"MRUTime" : "1674049078",
		"aclFlags" : 0,
		"applyIncomingFilters" : "",
		"applyIncomingFilters.empty" : "",
		"boxFlags" : 264256,
		"dobayes.mailnews@mozilla.org#junk" : "",
		"dobayes.mailnews@mozilla.org#junk.empty" : "",
		"expungedBytes" : 0,
		"flags" : 134751252,
		"folderSize" : 0,
		"hierDelim" : 46,
		"indexingPriority" : "",
		"lastSyncTimeInSec" : 0,
		"nextUID" : 1,
		"onlineName" : "Drafts",
		"pendingMsgs" : 0,
		"pendingUnreadMsgs" : 0,
		"serverRecent" : 0,
		"serverTotal" : 0,
		"serverUnseen" : 0,
		"totalMsgs" : 0,
		"totalUnreadMsgs" : 0,
		"useServerRetention" : "1"
	},
	"C:\\Users\\elite\\AppData\\Roaming\\Thunderbird\\Profiles\\e0w7x9ve.elite_uhh\\ImapMail\\mail.nimbus.de\\Drafts.msf" : 
	{
		"aclFlags" : 0,
		"boxFlags" : 0,
		"expungedBytes" : 0,
		"flags" : 0,
		"folderSize" : -1,
		"hierDelim" : 94,
		"onlineName" : "Drafts",
		"pendingMsgs" : 0,
		"pendingUnreadMsgs" : 0,
		"serverRecent" : 0,
		"serverTotal" : 0,
		"serverUnseen" : 0,
		"totalMsgs" : 0,
		"totalUnreadMsgs" : 0
	},
	"C:\\Users\\elite\\AppData\\Roaming\\Thunderbird\\Profiles\\e0w7x9ve.elite_uhh\\ImapMail\\mail.nimbus.de\\INBOX.msf" : 
	{
		"MRUTime" : "1674049078",
		"aclFlags" : 0,
		"applyIncomingFilters" : "",
		"applyIncomingFilters.empty" : "",
		"boxFlags" : 2097216,
		"dobayes.mailnews@mozilla.org#junk" : "",
		"dobayes.mailnews@mozilla.org#junk.empty" : "",
		"expungedBytes" : 1522,
		"flags" : 2282237972,
		"folderSize" : 0,
		"hierDelim" : 46,
		"indexingPriority" : "",
		"lastSyncTimeInSec" : 0,
		"nextUID" : 2,
		"onlineName" : "INBOX",
		"pendingMsgs" : 0,
		"pendingUnreadMsgs" : 0,
		"serverRecent" : 0,
		"serverTotal" : 1,
		"serverUnseen" : 1,
		"totalMsgs" : 0,
		"totalUnreadMsgs" : 0,
		"useServerRetention" : "1"
	},
	"C:\\Users\\elite\\AppData\\Roaming\\Thunderbird\\Profiles\\e0w7x9ve.elite_uhh\\ImapMail\\mail.nimbus.de\\Junk.msf" : 
	{
		"MRUTime" : "1674049077",
		"aclFlags" : 0,
		"applyIncomingFilters" : "",
		"applyIncomingFilters.empty" : "",
		"boxFlags" : 266304,
		"dobayes.mailnews@mozilla.org#junk" : "",
		"dobayes.mailnews@mozilla.org#junk.empty" : "",
		"expungedBytes" : 0,
		"flags" : 1074274324,
		"folderSize" : 0,
		"hierDelim" : 46,
		"indexingPriority" : "-1",
		"lastSyncTimeInSec" : 0,
		"nextUID" : 1,
		"onlineName" : "Junk",
		"pendingMsgs" : 0,
		"pendingUnreadMsgs" : 0,
		"serverRecent" : 0,
		"serverTotal" : 0,
		"serverUnseen" : 0,
		"totalMsgs" : 0,
		"totalUnreadMsgs" : 0,
		"useServerRetention" : "1"
	},
	"C:\\Users\\elite\\AppData\\Roaming\\Thunderbird\\Profiles\\e0w7x9ve.elite_uhh\\ImapMail\\mail.nimbus.de\\Sent-1.msf" : 
	{
		"MRUTime" : "1674049078",
		"aclFlags" : 0,
		"applyIncomingFilters" : "",
		"applyIncomingFilters.empty" : "",
		"boxFlags" : 270400,
		"dobayes.mailnews@mozilla.org#junk" : "",
		"dobayes.mailnews@mozilla.org#junk.empty" : "",
		"expungedBytes" : 0,
		"flags" : 134750740,
		"folderSize" : 0,
		"hierDelim" : 46,
		"indexingPriority" : "",
		"lastSyncTimeInSec" : 0,
		"nextUID" : 1,
		"onlineName" : "Sent",
		"pendingMsgs" : 0,
		"pendingUnreadMsgs" : 0,
		"serverRecent" : 0,
		"serverTotal" : 0,
		"serverUnseen" : 0,
		"totalMsgs" : 0,
		"totalUnreadMsgs" : 0,
		"useServerRetention" : "1"
	},
	"C:\\Users\\elite\\AppData\\Roaming\\Thunderbird\\Profiles\\e0w7x9ve.elite_uhh\\ImapMail\\mail.nimbus.de\\Sent.msf" : 
	{
		"aclFlags" : 0,
		"boxFlags" : 0,
		"expungedBytes" : 0,
		"flags" : 0,
		"folderSize" : -1,
		"hierDelim" : 94,
		"onlineName" : "Sent",
		"pendingMsgs" : 0,
		"pendingUnreadMsgs" : 0,
		"serverRecent" : 0,
		"serverTotal" : 0,
		"serverUnseen" : 0,
		"totalMsgs" : 0,
		"totalUnreadMsgs" : 0
	},
	"C:\\Users\\elite\\AppData\\Roaming\\Thunderbird\\Profiles\\e0w7x9ve.elite_uhh\\ImapMail\\mail.nimbus.de\\Templates.msf" : 
	{
		"aclFlags" : 0,
		"boxFlags" : 0,
		"expungedBytes" : 0,
		"flags" : 4194304,
		"folderSize" : -1,
		"hierDelim" : 94,
		"lastSyncTimeInSec" : 0,
		"onlineName" : "Templates",
		"pendingMsgs" : 0,
		"pendingUnreadMsgs" : 0,
		"serverRecent" : 0,
		"serverTotal" : 0,
		"serverUnseen" : 0,
		"totalMsgs" : 0,
		"totalUnreadMsgs" : 0
	},
	"C:\\Users\\elite\\AppData\\Roaming\\Thunderbird\\Profiles\\e0w7x9ve.elite_uhh\\ImapMail\\mail.nimbus.de\\Trash.msf" : 
	{
		"MRUTime" : "1674049072",
		"aclFlags" : 0,
		"applyIncomingFilters" : "",
		"applyIncomingFilters.empty" : "",
		"boxFlags" : 327744,
		"dobayes.mailnews@mozilla.org#junk" : "",
		"dobayes.mailnews@mozilla.org#junk.empty" : "",
		"expungedBytes" : 1522,
		"flags" : 532756,
		"folderSize" : 1436,
		"hierDelim" : 46,
		"indexingPriority" : "",
		"lastSyncTimeInSec" : 0,
		"nextUID" : 2,
		"onlineName" : "Trash",
		"pendingMsgs" : 0,
		"pendingUnreadMsgs" : 0,
		"serverRecent" : 0,
		"serverTotal" : 1,
		"serverUnseen" : 0,
		"totalMsgs" : 0,
		"totalUnreadMsgs" : 0,
		"useServerRetention" : "1"
	},
	"C:\\Users\\elite\\AppData\\Roaming\\Thunderbird\\Profiles\\e0w7x9ve.elite_uhh\\Mail\\Local Folders" : 
	{
		"expungedBytes" : 0,
		"flags" : 28,
		"folderName" : "Lokale Ordner",
		"folderSize" : -1,
		"pendingMsgs" : 0,
		"pendingUnreadMsgs" : 0,
		"totalMsgs" : -1,
		"totalUnreadMsgs" : -1
	},
	"C:\\Users\\elite\\AppData\\Roaming\\Thunderbird\\Profiles\\e0w7x9ve.elite_uhh\\Mail\\Local Folders\\Trash.msf" : 
	{
		"expungedBytes" : 0,
		"flags" : 260,
		"folderName" : "Papierkorb",
		"folderSize" : 0,
		"indexingPriority" : "",
		"pendingMsgs" : 0,
		"pendingUnreadMsgs" : 0,
		"totalMsgs" : 0,
		"totalUnreadMsgs" : 0,
		"useServerRetention" : "1"
	},
	"C:\\Users\\elite\\AppData\\Roaming\\Thunderbird\\Profiles\\e0w7x9ve.elite_uhh\\Mail\\Local Folders\\Unsent Messages.msf" : 
	{
		"expungedBytes" : 0,
		"flags" : 2052,
		"folderName" : "Postausgang",
		"folderSize" : 0,
		"indexingPriority" : "",
		"pendingMsgs" : 0,
		"pendingUnreadMsgs" : 0,
		"totalMsgs" : 0,
		"totalUnreadMsgs" : 0,
		"useServerRetention" : "1"
	}
}