{"nextId":3,"logins":[{"id":1,"hostname":"imap://mail.nimbus.de","httpRealm":"imap://mail.nimbus.de","formSubmitURL":null,"usernameField":"","passwordField":"","encryptedUsername":"MEoEEPgAAAAAAAAAAAAAAAAAAAEwFAYIKoZIhvcNAwcECKqn2b+dzVleBCBOWquu7fswxRJkpyIm9KkW67ZOh7jtVeOsBcQGEsc0Bw==","encryptedPassword":"MDIEEPgAAAAAAAAAAAAAAAAAAAEwFAYIKoZIhvcNAwcECAYngfTk2gqrBAij+fvpY0HAwQ==","guid":"{51dc2011-c0f2-4414-9c18-fe3e08af448c}","encType":1,"timeCreated":1674048480410,"timeLastUsed":1674048480410,"timePasswordChanged":1674048480410,"timesUsed":1},{"id":2,"hostname":"smtp://mail.nimbus.de","httpRealm":"smtp://mail.nimbus.de","formSubmitURL":null,"usernameField":"","passwordField":"","encryptedUsername":"MEoEEPgAAAAAAAAAAAAAAAAAAAEwFAYIKoZIhvcNAwcECGfDZDHVk7SdBCDm3u7Hc20vrCJoQ/44NxDmH0uuD4sG60+fVj9BavHl4g==","encryptedPassword":"MDIEEPgAAAAAAAAAAAAAAAAAAAEwFAYIKoZIhvcNAwcECN8SP7t04mC5BAhOUu772juM0g==","guid":"{7217fb2d-26f4-4880-a4eb-ace8a8405e9d}","encType":1,"timeCreated":1674048480415,"timeLastUsed":1674048480415,"timePasswordChanged":1674048480415,"timesUsed":1}],"potentiallyVulnerablePasswords":[],"dismissedBreachAlertsByLoginGUID":{},"version":3}