{"chrome://messenger/content/messenger.xhtml":{"toolbar-menubar":{"autohide":"true"},"qfb-boolean-mode":{"value":"OR"},"selectCol":{"ordinal":"1"},"threadCol":{"ordinal":"3"},"flaggedCol":{"ordinal":"5"},"attachmentCol":{"ordinal":"7"},"subjectCol":{"ordinal":"9"},"unreadButtonColHeader":{"ordinal":"11"},"senderCol":{"ordinal":"13"},"recipientCol":{"ordinal":"15"},"correspondentCol":{"ordinal":"17"},"junkStatusCol":{"ordinal":"19"},"receivedCol":{"ordinal":"21"},"dateCol":{"ordinal":"23","sortDirection":"ascending"},"statusCol":{"ordinal":"25"},"sizeCol":{"ordinal":"27"},"tagsCol":{"ordinal":"29"},"accountCol":{"ordinal":"31"},"priorityCol":{"ordinal":"33"},"unreadCol":{"ordinal":"35"},"totalCol":{"ordinal":"37"},"locationCol":{"ordinal":"39","hidden":"true"},"idCol":{"ordinal":"41"},"deleteCol":{"ordinal":"43"},"task-tree-filtergroup":{"value":"throughcurrent"},"unifinder-search-results-tree-col-title":{"ordinal":"1"},"unifinder-search-results-tree-col-startdate":{"ordinal":"3"},"unifinder-search-results-tree-col-enddate":{"ordinal":"5"},"unifinder-search-results-tree-col-categories":{"ordinal":"7"},"unifinder-search-results-tree-col-location":{"ordinal":"9"},"unifinder-search-results-tree-col-status":{"ordinal":"11"},"unifinder-search-results-tree-col-calendarname":{"ordinal":"13"},"today-pane-splitter":{"hidden":"true"},"today-none-box":{"collapsed":"true"},"today-minimonth-box":{"collapsed":"true"},"todo-tab-panel":{"collapsed":"true"},"today-pane-panel":{"modewidths":",200,200,200,200,200","width":""},"agenda-panel":{"collapsedinmodes":"calendar"},"messengerWindow":{"screenX":"0","screenY":"0","width":"1040","height":"1040","sizemode":"maximized"},"spacesToolbar":{"hidden":"false"},"calendar-task-tree":{"widths":"0 0 0 0 0 0 0 0 0 0 0 0","ordinals":"1 3 5 7 9 11 13 15 17 19 21 23"},"unifinder-todo-tree":{"widths":"0 0 0 0 0 0 0 0 0 0 0 0","ordinals":"1 1 1 1 1 1 1 1 1 1 1 1"},"messagepaneboxwrapper":{"collapsed":""}}}