{"schema":6,"addons":[{"id":"uBlock0@raymondhill.net","icons":{"32":"https://addons.mozilla.org/user-media/addon_icons/607/607454-32.png?modified=mcrushed","64":"https://addons.mozilla.org/user-media/addon_icons/607/607454-64.png?modified=mcrushed","128":"https://addons.mozilla.org/user-media/addon_icons/607/607454-128.png?modified=mcrushed"},"name":"uBlock Origin","version":"1.40.8","sourceURI":"https://addons.mozilla.org/firefox/downloads/file/3892224/ublock_origin-1.40.8-an+fx.xpi","homepageURL":"https://github.com/gorhill/uBlock#ublock-origin","supportURL":"https://old.reddit.com/r/uBlockOrigin/","description":"Endlich ein effizienter Blocker. Prozessor-freundlich und bescheiden beim Speicherbedarf.","fullDescription":"Ein effizienter Blocker: Geringer Speicherbedarf und niedrige CPU-Belastung - und dennoch werden Tausende an Filtern mehr angewendet als bei anderen populären Blockern.\n\nEin illustrierter Überblick über seine Effizienz: https://github.com/gorhill/uBlock/wiki/uBlock-vs.-ABP:-efficiency-compared\n\nBenutzung: Der An-/Ausschaltknopf beim Klicken des Erweiterungssymbols dient zum An-/Ausschalten von uBlock auf der aktuellen Webseite. Dies wirkt sich also nur auf die aktuelle Webseite aus und nicht global.\n\n***\n\nuBlock ist flexibel, denn es ist mehr als ein \"Werbeblocker\": Es verarbeitet auch Filter aus mehreren hosts-Dateien.\n\nStandardmäßig werden folgende Filterlisten geladen und angewandt:\n\n- EasyList\n- Peter Lowe’s Ad server list\n- EasyPrivacy\n- Malware domains\n\nAuf Wunsch können zusätzliche Listen ausgewählt werden:\n\n- Fanboy’s Enhanced Tracking List\n- Dan Pollock’s hosts file\n- hpHosts’s Ad and tracking servers\n- MVPS HOSTS\n- Spam404\n- etc.\n\nNatürlich ist der Speicherbedarf umso höher, desto mehr Filter angewandt werden. Aber selbst mit den zwei zusätzlichen Listen von Fanboy und hpHosts’s Ad and tracking servers ist der Speicherbedarf von uBlock₀ geringer als bei anderen sehr populären Blockern.\n\nBedenke allerdings, dass durch die Wahl zusätzlicher Listen die Wahrscheinlichkeit größer wird, dass bestimmte Webseiten nicht richtig geladen werden - vor allem bei Listen, die normalerweise als hosts-Dateien verwendet werden.\n\n***\n\nOhne die vorgegebenen Filterlisten ist diese Erweiterung nichts. Wenn du also etwas beitragen möchtest, dann denke an die Menschen, die hart dafür arbeiten, die von dir benutzten Filterlisten zu pflegen, und diese für uns alle frei verfügbar gemacht haben.\n\n***\n\nKostenlos.\nOpen source mit Public License (GPLv3)\nFür Benutzer von Benutzern.\n\nMitwirkende @ Github: https://github.com/gorhill/uBlock/graphs/contributors\nMitwirkende @ Crowdin: https://crowdin.net/project/ublock\n\n***\n\nDies ist eine ziemlich frühe Version - bitte denke daran, wenn du sie bewertest.\n\nChange log des Projekts:\nhttps://github.com/gorhill/uBlock/releases","weeklyDownloads":142041,"type":"extension","creator":{"name":"Raymond Hill","url":"https://addons.mozilla.org/de/firefox/user/11423598/"},"developers":[],"screenshots":[{"url":"https://addons.mozilla.org/user-media/previews/full/238/238546.png?modified=1622132421","width":1011,"height":758,"thumbnailURL":"https://addons.mozilla.org/user-media/previews/thumbs/238/238546.jpg?modified=1622132421","thumbnailWidth":533,"thumbnailHeight":400,"caption":"The popup panel: default mode"},{"url":"https://addons.mozilla.org/user-media/previews/full/238/238548.png?modified=1622132423","width":1011,"height":758,"thumbnailURL":"https://addons.mozilla.org/user-media/previews/thumbs/238/238548.jpg?modified=1622132423","thumbnailWidth":533,"thumbnailHeight":400,"caption":"The dashboard: stock filter lists"},{"url":"https://addons.mozilla.org/user-media/previews/full/238/238547.png?modified=1622132425","width":1011,"height":758,"thumbnailURL":"https://addons.mozilla.org/user-media/previews/thumbs/238/238547.jpg?modified=1622132425","thumbnailWidth":533,"thumbnailHeight":400,"caption":"The popup panel: default-deny mode"},{"url":"https://addons.mozilla.org/user-media/previews/full/238/238549.png?modified=1622132426","width":1011,"height":758,"thumbnailURL":"https://addons.mozilla.org/user-media/previews/thumbs/238/238549.jpg?modified=1622132426","thumbnailWidth":533,"thumbnailHeight":400,"caption":"The dashboard: settings"},{"url":"https://addons.mozilla.org/user-media/previews/full/238/238552.png?modified=1622132430","width":970,"height":1800,"thumbnailURL":"https://addons.mozilla.org/user-media/previews/thumbs/238/238552.jpg?modified=1622132430","thumbnailWidth":216,"thumbnailHeight":400,"caption":"The popup panel in Firefox Preview: default mode with more blocking options revealed"},{"url":"https://addons.mozilla.org/user-media/previews/full/230/230370.png?modified=1622132432","width":800,"height":600,"thumbnailURL":"https://addons.mozilla.org/user-media/previews/thumbs/230/230370.jpg?modified=1622132432","thumbnailWidth":533,"thumbnailHeight":400,"caption":"The unified logger tells you all that uBO is seeing and doing"}],"contributionURL":"","averageRating":4.7718,"reviewCount":3518,"reviewURL":"https://addons.mozilla.org/de/firefox/addon/ublock-origin/reviews/","updateDate":1643641264000}]}