{"doh-rollout@mozilla.org":{"permissions":["internal:privateBrowsingAllowed","internal:svgContextPropertiesAllowed"],"origins":[]},"formautofill@mozilla.org":{"permissions":["internal:privateBrowsingAllowed","internal:svgContextPropertiesAllowed"],"origins":[]},"pictureinpicture@mozilla.org":{"permissions":["internal:privateBrowsingAllowed","internal:svgContextPropertiesAllowed"],"origins":[]},"proxy-failover@mozilla.com":{"permissions":["internal:privateBrowsingAllowed","internal:svgContextPropertiesAllowed"],"origins":[]},"screenshots@mozilla.org":{"permissions":["internal:privateBrowsingAllowed","internal:svgContextPropertiesAllowed"],"origins":[]},"webcompat@mozilla.org":{"permissions":["internal:privateBrowsingAllowed","internal:svgContextPropertiesAllowed"],"origins":[]},"default-theme@mozilla.org":{"permissions":["internal:svgContextPropertiesAllowed","internal:privateBrowsingAllowed"],"origins":[]},"addons-search-detection@mozilla.com":{"permissions":["internal:svgContextPropertiesAllowed","internal:privateBrowsingAllowed"],"origins":[]},"google@search.mozilla.org":{"permissions":["internal:svgContextPropertiesAllowed","internal:privateBrowsingAllowed"],"origins":[]},"leo_ende_de@search.mozilla.org":{"permissions":["internal:svgContextPropertiesAllowed","internal:privateBrowsingAllowed"],"origins":[]},"ecosia@search.mozilla.org":{"permissions":["internal:svgContextPropertiesAllowed","internal:privateBrowsingAllowed"],"origins":[]},"wikipedia@search.mozilla.org":{"permissions":["internal:svgContextPropertiesAllowed","internal:privateBrowsingAllowed"],"origins":[]},"bing@search.mozilla.org":{"permissions":["internal:svgContextPropertiesAllowed","internal:privateBrowsingAllowed"],"origins":[]},"ddg@search.mozilla.org":{"permissions":["internal:svgContextPropertiesAllowed","internal:privateBrowsingAllowed"],"origins":[]},"ebay@search.mozilla.org":{"permissions":["internal:svgContextPropertiesAllowed","internal:privateBrowsingAllowed"],"origins":[]},"amazon@search.mozilla.org":{"permissions":["internal:svgContextPropertiesAllowed","internal:privateBrowsingAllowed"],"origins":[]},"uBlock0@raymondhill.net":{"permissions":["internal:privateBrowsingAllowed"],"origins":[]}}